num,script
1,1 스크립트
2,2 스크립트
3,3 스크립트
4,4 스크립트
5,5 스크립트
6,6 스크립트
7,7 스크립트
8,8 스크립트
9,9 스크립트
10,10 스크립트
11,11 스크립트
12,12 스크립트
13,13 스크립트
14,14 스크립트
15,15 스크립트
16,16 스크립트
17,17 스크립트
18,18 스크립트
19,19 스크립트
20,20 스크립트
21,21 스크립트
22,22 스크립트
23,23 스크립트
24,24 스크립트
25,25 스크립트
26,26 스크립트
27,27 스크립트
28,28 스크립트
29,29 스크립트
30,30 스크립트
31,31 스크립트
32,32 스크립트
33,33 스크립트
34,34 스크립트
35,35 스크립트
36,36 스크립트
37,37 스크립트
38,38 스크립트
39,39 스크립트
40,40 스크립트
41,41 스크립트
42,42 스크립트
43,43 스크립트
44,44 스크립트
45,45 스크립트
46,46 스크립트
47,47 스크립트
48,48 스크립트
49,49 스크립트
50,50 스크립트
51,51 스크립트
52,52 스크립트
53,53 스크립트
54,54 스크립트
55,55 스크립트
56,56 스크립트
57,57 스크립트
58,58 스크립트
59,59 스크립트
60,60 스크립트
61,61 스크립트
62,62 스크립트
63,63 스크립트
64,64 스크립트
65,65 스크립트
66,66 스크립트
67,67 스크립트
68,68 스크립트
69,69 스크립트
70,70 스크립트
71,71 스크립트
72,72 스크립트
73,73 스크립트
74,74 스크립트
75,75 스크립트
76,76 스크립트
77,77 스크립트
78,78 스크립트
79,79 스크립트
80,80 스크립트
81,81 스크립트
82,82 스크립트
83,83 스크립트
84,84 스크립트
85,85 스크립트
86,86 스크립트
87,87 스크립트
88,88 스크립트
89,89 스크립트
90,90 스크립트
91,91 스크립트
92,92 스크립트
93,93 스크립트
94,94 스크립트
95,95 스크립트
96,96 스크립트
97,97 스크립트
98,98 스크립트
99,99 스크립트
100,100 스크립트
101,101 스크립트
102,102 스크립트
103,103 스크립트
104,104 스크립트
105,105 스크립트
106,106 스크립트
107,107 스크립트
108,108 스크립트
109,109 스크립트
110,110 스크립트
111,111 스크립트
112,112 스크립트
113,113 스크립트
114,114 스크립트
115,115 스크립트
116,116 스크립트
117,117 스크립트
118,118 스크립트
119,119 스크립트
120,120 스크립트
121,121 스크립트
122,122 스크립트
123,123 스크립트
124,124 스크립트
125,125 스크립트
126,126 스크립트
127,127 스크립트
128,128 스크립트
129,129 스크립트
130,130 스크립트
131,131 스크립트
132,132 스크립트
133,133 스크립트
134,134 스크립트
135,135 스크립트
136,136 스크립트
137,137 스크립트
138,138 스크립트
139,139 스크립트
140,140 스크립트
141,141 스크립트
142,142 스크립트
143,143 스크립트
144,144 스크립트
145,145 스크립트
146,146 스크립트
147,147 스크립트
148,148 스크립트
149,149 스크립트
150,150 스크립트
151,151 스크립트
152,152 스크립트
153,153 스크립트
154,154 스크립트
155,155 스크립트
156,156 스크립트
157,157 스크립트
158,158 스크립트
159,159 스크립트
160,160 스크립트
161,161 스크립트
162,162 스크립트
163,163 스크립트
164,164 스크립트
165,165 스크립트
166,166 스크립트
167,167 스크립트
168,168 스크립트
169,169 스크립트
170,170 스크립트
171,171 스크립트
172,172 스크립트
173,173 스크립트
174,174 스크립트
175,175 스크립트
176,176 스크립트
177,177 스크립트
178,178 스크립트
179,179 스크립트
180,180 스크립트
181,181 스크립트
182,182 스크립트
183,183 스크립트
184,184 스크립트
185,185 스크립트
186,186 스크립트
187,187 스크립트
188,188 스크립트
189,189 스크립트
190,190 스크립트
191,191 스크립트
192,192 스크립트
193,193 스크립트
194,194 스크립트
195,195 스크립트
196,196 스크립트
197,197 스크립트
198,198 스크립트
199,199 스크립트
200,200 스크립트
